league,season,game,league_id,season_id,game_id,date,home_team_id,away_team_id,home_team,away_team,away_team_code,home_team_code,home_goals,away_goals,home_xg,away_xg,is_result,has_data,url
GER-Bundesliga,2526,2025-08-22 Bayern Munich-RasenBallsport Leipzig,3,2025,30224,2025-08-22 18:30:00,117,136,Bayern Munich,RasenBallsport Leipzig,RBL,BAY,6,0,3.29885,0.52226,True,True,https://understat.com/match/30224
GER-Bundesliga,2526,2025-08-23 Bayer Leverkusen-Hoffenheim,3,2025,30226,2025-08-23 13:30:00,119,120,Bayer Leverkusen,Hoffenheim,HOF,LEV,1,2,1.05253,0.505193,True,True,https://understat.com/match/30226
GER-Bundesliga,2526,2025-08-23 Eintracht Frankfurt-Werder Bremen,3,2025,30228,2025-08-23 13:30:00,132,123,Eintracht Frankfurt,Werder Bremen,WER,EIN,4,1,3.10684,0.587822,True,True,https://understat.com/match/30228
GER-Bundesliga,2526,2025-08-23 FC Heidenheim-Wolfsburg,3,2025,30225,2025-08-23 13:30:00,280,131,FC Heidenheim,Wolfsburg,WOL,HEI,1,3,0.783156,2.57718,True,True,https://understat.com/match/30225
GER-Bundesliga,2526,2025-08-23 Freiburg-Augsburg,3,2025,30229,2025-08-23 13:30:00,135,121,Freiburg,Augsburg,AUG,FRE,1,3,2.27247,1.30191,True,True,https://understat.com/match/30229
GER-Bundesliga,2526,2025-08-23 St. Pauli-Borussia Dortmund,3,2025,30230,2025-08-23 16:30:00,288,129,St. Pauli,Borussia Dortmund,DOR,SPA,3,3,1.46772,2.10289,True,True,https://understat.com/match/30230
GER-Bundesliga,2526,2025-08-23 Union Berlin-VfB Stuttgart,3,2025,30227,2025-08-23 13:30:00,240,133,Union Berlin,VfB Stuttgart,STU,UNI,2,1,0.529421,1.80147,True,True,https://understat.com/match/30227
GER-Bundesliga,2526,2025-08-24 Borussia M.Gladbach-Hamburger SV,3,2025,30232,2025-08-24 15:30:00,130,118,Borussia M.Gladbach,Hamburger SV,HAM,BMG,0,0,1.01717,0.285593,True,True,https://understat.com/match/30232
GER-Bundesliga,2526,2025-08-24 Mainz 05-FC Cologne,3,2025,30231,2025-08-24 13:30:00,125,134,Mainz 05,FC Cologne,COL,MAI,0,1,1.31655,1.64676,True,True,https://understat.com/match/30231
GER-Bundesliga,2526,2025-08-29 Hamburger SV-St. Pauli,3,2025,30233,2025-08-29 18:30:00,118,288,Hamburger SV,St. Pauli,SPA,HAM,0,2,0.74111,1.85404,True,True,https://understat.com/match/30233
GER-Bundesliga,2526,2025-08-30 Augsburg-Bayern Munich,3,2025,30238,2025-08-30 16:30:00,121,117,Augsburg,Bayern Munich,BAY,AUG,2,3,0.506028,3.37523,True,True,https://understat.com/match/30238
GER-Bundesliga,2526,2025-08-30 Hoffenheim-Eintracht Frankfurt,3,2025,30234,2025-08-30 13:30:00,120,132,Hoffenheim,Eintracht Frankfurt,EIN,HOF,1,3,1.28178,1.82087,True,True,https://understat.com/match/30234
GER-Bundesliga,2526,2025-08-30 RasenBallsport Leipzig-FC Heidenheim,3,2025,30235,2025-08-30 13:30:00,136,280,RasenBallsport Leipzig,FC Heidenheim,HEI,RBL,2,0,3.29717,0.969982,True,True,https://understat.com/match/30235
GER-Bundesliga,2526,2025-08-30 VfB Stuttgart-Borussia M.Gladbach,3,2025,30237,2025-08-30 13:30:00,133,130,VfB Stuttgart,Borussia M.Gladbach,BMG,STU,1,0,0.925105,1.60717,True,True,https://understat.com/match/30237
GER-Bundesliga,2526,2025-08-30 Werder Bremen-Bayer Leverkusen,3,2025,30236,2025-08-30 13:30:00,123,119,Werder Bremen,Bayer Leverkusen,LEV,WER,3,3,2.32676,2.03733,True,True,https://understat.com/match/30236
GER-Bundesliga,2526,2025-08-31 Borussia Dortmund-Union Berlin,3,2025,30240,2025-08-31 15:30:00,129,240,Borussia Dortmund,Union Berlin,UNI,DOR,3,0,1.82606,0.971167,True,True,https://understat.com/match/30240
GER-Bundesliga,2526,2025-08-31 FC Cologne-Freiburg,3,2025,30241,2025-08-31 17:30:00,134,135,FC Cologne,Freiburg,FRE,COL,4,1,1.84068,0.933072,True,True,https://understat.com/match/30241
GER-Bundesliga,2526,2025-08-31 Wolfsburg-Mainz 05,3,2025,30239,2025-08-31 13:30:00,131,125,Wolfsburg,Mainz 05,MAI,WOL,1,1,0.616661,1.81482,True,True,https://understat.com/match/30239
GER-Bundesliga,2526,2025-09-12 Bayer Leverkusen-Eintracht Frankfurt,3,2025,30242,2025-09-12 18:30:00,119,132,Bayer Leverkusen,Eintracht Frankfurt,EIN,LEV,3,1,2.31465,0.791863,True,True,https://understat.com/match/30242
GER-Bundesliga,2526,2025-09-13 Bayern Munich-Hamburger SV,3,2025,30248,2025-09-13 16:30:00,117,118,Bayern Munich,Hamburger SV,HAM,BAY,5,0,3.03718,0.559174,True,True,https://understat.com/match/30248
GER-Bundesliga,2526,2025-09-13 FC Heidenheim-Borussia Dortmund,3,2025,30244,2025-09-13 13:30:00,280,129,FC Heidenheim,Borussia Dortmund,DOR,HEI,0,2,0.299026,2.84999,True,True,https://understat.com/match/30244
GER-Bundesliga,2526,2025-09-13 Freiburg-VfB Stuttgart,3,2025,30243,2025-09-13 13:30:00,135,133,Freiburg,VfB Stuttgart,STU,FRE,3,1,1.6832,0.548804,True,True,https://understat.com/match/30243
GER-Bundesliga,2526,2025-09-13 Mainz 05-RasenBallsport Leipzig,3,2025,30245,2025-09-13 13:30:00,125,136,Mainz 05,RasenBallsport Leipzig,RBL,MAI,0,1,0.770276,1.5009,True,True,https://understat.com/match/30245
GER-Bundesliga,2526,2025-09-13 Union Berlin-Hoffenheim,3,2025,30247,2025-09-13 13:30:00,240,120,Union Berlin,Hoffenheim,HOF,UNI,2,4,3.0814,3.34084,True,True,https://understat.com/match/30247
GER-Bundesliga,2526,2025-09-13 Wolfsburg-FC Cologne,3,2025,30246,2025-09-13 13:30:00,131,134,Wolfsburg,FC Cologne,COL,WOL,3,3,1.79835,1.72631,True,True,https://understat.com/match/30246
GER-Bundesliga,2526,2025-09-14 Borussia M.Gladbach-Werder Bremen,3,2025,30250,2025-09-14 15:30:00,130,123,Borussia M.Gladbach,Werder Bremen,WER,BMG,0,4,1.58932,2.24671,True,True,https://understat.com/match/30250
GER-Bundesliga,2526,2025-09-14 St. Pauli-Augsburg,3,2025,30249,2025-09-14 13:30:00,288,121,St. Pauli,Augsburg,AUG,SPA,2,1,1.95499,0.934223,True,True,https://understat.com/match/30249
GER-Bundesliga,2526,2025-09-19 VfB Stuttgart-St. Pauli,3,2025,30251,2025-09-19 18:30:00,133,288,VfB Stuttgart,St. Pauli,SPA,STU,2,0,2.78829,1.05657,True,True,https://understat.com/match/30251
GER-Bundesliga,2526,2025-09-20 Augsburg-Mainz 05,3,2025,30253,2025-09-20 13:30:00,121,125,Augsburg,Mainz 05,MAI,AUG,1,4,0.870451,2.57047,True,True,https://understat.com/match/30253
GER-Bundesliga,2526,2025-09-20 Hamburger SV-FC Heidenheim,3,2025,30254,2025-09-20 13:30:00,118,280,Hamburger SV,FC Heidenheim,HEI,HAM,2,1,3.32157,2.63607,True,True,https://understat.com/match/30254
GER-Bundesliga,2526,2025-09-20 Hoffenheim-Bayern Munich,3,2025,30255,2025-09-20 13:30:00,120,117,Hoffenheim,Bayern Munich,BAY,HOF,1,4,1.03716,2.7142,True,True,https://understat.com/match/30255
GER-Bundesliga,2526,2025-09-20 RasenBallsport Leipzig-FC Cologne,3,2025,30256,2025-09-20 16:30:00,136,134,RasenBallsport Leipzig,FC Cologne,COL,RBL,3,1,3.79591,1.39264,True,True,https://understat.com/match/30256
GER-Bundesliga,2526,2025-09-20 Werder Bremen-Freiburg,3,2025,30252,2025-09-20 13:30:00,123,135,Werder Bremen,Freiburg,FRE,WER,0,3,1.27257,2.36315,True,True,https://understat.com/match/30252
GER-Bundesliga,2526,2025-09-21 Bayer Leverkusen-Borussia M.Gladbach,3,2025,30258,2025-09-21 15:30:00,119,130,Bayer Leverkusen,Borussia M.Gladbach,BMG,LEV,1,1,1.9461,1.29876,True,True,https://understat.com/match/30258
GER-Bundesliga,2526,2025-09-21 Borussia Dortmund-Wolfsburg,3,2025,30259,2025-09-21 17:30:00,129,131,Borussia Dortmund,Wolfsburg,WOL,DOR,1,0,1.24747,0.975457,True,True,https://understat.com/match/30259
GER-Bundesliga,2526,2025-09-21 Eintracht Frankfurt-Union Berlin,3,2025,30257,2025-09-21 13:30:00,132,240,Eintracht Frankfurt,Union Berlin,UNI,EIN,3,4,1.75582,2.23419,True,True,https://understat.com/match/30257
GER-Bundesliga,2526,2025-09-26 Bayern Munich-Werder Bremen,3,2025,30260,2025-09-26 18:30:00,117,123,Bayern Munich,Werder Bremen,WER,BAY,4,0,4.31859,0.298618,True,True,https://understat.com/match/30260
GER-Bundesliga,2526,2025-09-27 Borussia M.Gladbach-Eintracht Frankfurt,3,2025,30265,2025-09-27 16:30:00,130,132,Borussia M.Gladbach,Eintracht Frankfurt,EIN,BMG,4,6,2.12935,3.78879,True,True,https://understat.com/match/30265
GER-Bundesliga,2526,2025-09-27 FC Heidenheim-Augsburg,3,2025,30261,2025-09-27 13:30:00,280,121,FC Heidenheim,Augsburg,AUG,HEI,2,1,1.79097,0.619833,True,True,https://understat.com/match/30261
GER-Bundesliga,2526,2025-09-27 Mainz 05-Borussia Dortmund,3,2025,30262,2025-09-27 13:30:00,125,129,Mainz 05,Borussia Dortmund,DOR,MAI,0,2,0.525149,1.75519,True,True,https://understat.com/match/30262
GER-Bundesliga,2526,2025-09-27 St. Pauli-Bayer Leverkusen,3,2025,30263,2025-09-27 13:30:00,288,119,St. Pauli,Bayer Leverkusen,LEV,SPA,1,2,0.813325,1.28912,True,True,https://understat.com/match/30263
GER-Bundesliga,2526,2025-09-27 Wolfsburg-RasenBallsport Leipzig,3,2025,30264,2025-09-27 13:30:00,131,136,Wolfsburg,RasenBallsport Leipzig,RBL,WOL,0,1,2.59654,2.61107,True,True,https://understat.com/match/30264
GER-Bundesliga,2526,2025-09-28 FC Cologne-VfB Stuttgart,3,2025,30267,2025-09-28 15:30:00,134,133,FC Cologne,VfB Stuttgart,STU,COL,1,2,1.07972,2.20939,True,True,https://understat.com/match/30267
GER-Bundesliga,2526,2025-09-28 Freiburg-Hoffenheim,3,2025,30266,2025-09-28 13:30:00,135,120,Freiburg,Hoffenheim,HOF,FRE,1,1,1.2587,2.24224,True,True,https://understat.com/match/30266
GER-Bundesliga,2526,2025-09-28 Union Berlin-Hamburger SV,3,2025,30268,2025-09-28 17:30:00,240,118,Union Berlin,Hamburger SV,HAM,UNI,0,0,1.54274,1.11274,True,True,https://understat.com/match/30268
GER-Bundesliga,2526,2025-10-03 Hoffenheim-FC Cologne,3,2025,30274,2025-10-03 18:30:00,120,134,Hoffenheim,FC Cologne,COL,HOF,0,1,1.42371,1.30873,True,True,https://understat.com/match/30274
GER-Bundesliga,2526,2025-10-04 Augsburg-Wolfsburg,3,2025,30276,2025-10-04 13:30:00,121,131,Augsburg,Wolfsburg,WOL,AUG,3,1,1.75326,1.22584,True,True,https://understat.com/match/30276
GER-Bundesliga,2526,2025-10-04 Bayer Leverkusen-Union Berlin,3,2025,30269,2025-10-04 13:30:00,119,240,Bayer Leverkusen,Union Berlin,UNI,LEV,2,0,3.35673,1.19684,True,True,https://understat.com/match/30269
GER-Bundesliga,2526,2025-10-04 Borussia Dortmund-RasenBallsport Leipzig,3,2025,30271,2025-10-04 13:30:00,129,136,Borussia Dortmund,RasenBallsport Leipzig,RBL,DOR,1,1,0.668613,1.14077,True,True,https://understat.com/match/30271
GER-Bundesliga,2526,2025-10-04 Eintracht Frankfurt-Bayern Munich,3,2025,30272,2025-10-04 16:30:00,132,117,Eintracht Frankfurt,Bayern Munich,BAY,EIN,0,3,0.560138,2.2301,True,True,https://understat.com/match/30272
GER-Bundesliga,2526,2025-10-04 Werder Bremen-St. Pauli,3,2025,30277,2025-10-04 13:30:00,123,288,Werder Bremen,St. Pauli,SPA,WER,1,0,1.77957,0.912425,True,True,https://understat.com/match/30277
GER-Bundesliga,2526,2025-10-05 Borussia M.Gladbach-Freiburg,3,2025,30270,2025-10-05 17:30:00,130,135,Borussia M.Gladbach,Freiburg,FRE,BMG,0,0,0.471184,0.689073,True,True,https://understat.com/match/30270
GER-Bundesliga,2526,2025-10-05 Hamburger SV-Mainz 05,3,2025,30273,2025-10-05 15:30:00,118,125,Hamburger SV,Mainz 05,MAI,HAM,4,0,1.65883,0.591161,True,True,https://understat.com/match/30273
GER-Bundesliga,2526,2025-10-05 VfB Stuttgart-FC Heidenheim,3,2025,30275,2025-10-05 13:30:00,133,280,VfB Stuttgart,FC Heidenheim,HEI,STU,1,0,1.10781,0.290942,True,True,https://understat.com/match/30275
GER-Bundesliga,2526,2025-10-17 Union Berlin-Borussia M.Gladbach,3,2025,30285,2025-10-17 18:30:00,240,130,Union Berlin,Borussia M.Gladbach,BMG,UNI,3,1,1.53032,0.628848,True,True,https://understat.com/match/30285
GER-Bundesliga,2526,2025-10-18 Bayern Munich-Borussia Dortmund,3,2025,30278,2025-10-18 16:30:00,117,129,Bayern Munich,Borussia Dortmund,DOR,BAY,2,1,2.81994,1.41011,True,True,https://understat.com/match/30278
GER-Bundesliga,2526,2025-10-18 FC Cologne-Augsburg,3,2025,30279,2025-10-18 13:30:00,134,121,FC Cologne,Augsburg,AUG,COL,1,1,0.523854,1.11917,True,True,https://understat.com/match/30279
GER-Bundesliga,2526,2025-10-18 FC Heidenheim-Werder Bremen,3,2025,30281,2025-10-18 13:30:00,280,123,FC Heidenheim,Werder Bremen,WER,HEI,2,2,3.07635,1.85638,True,True,https://understat.com/match/30281
GER-Bundesliga,2526,2025-10-18 Mainz 05-Bayer Leverkusen,3,2025,30282,2025-10-18 13:30:00,125,119,Mainz 05,Bayer Leverkusen,LEV,MAI,3,4,1.62978,4.43462,True,True,https://understat.com/match/30282
GER-Bundesliga,2526,2025-10-18 RasenBallsport Leipzig-Hamburger SV,3,2025,30283,2025-10-18 13:30:00,136,118,RasenBallsport Leipzig,Hamburger SV,HAM,RBL,2,1,1.15611,1.29355,True,True,https://understat.com/match/30283
GER-Bundesliga,2526,2025-10-18 Wolfsburg-VfB Stuttgart,3,2025,30286,2025-10-18 13:30:00,131,133,Wolfsburg,VfB Stuttgart,STU,WOL,0,3,0.392885,2.39474,True,True,https://understat.com/match/30286
GER-Bundesliga,2526,2025-10-19 Freiburg-Eintracht Frankfurt,3,2025,30280,2025-10-19 13:30:00,135,132,Freiburg,Eintracht Frankfurt,EIN,FRE,2,2,1.12896,0.772638,True,True,https://understat.com/match/30280
GER-Bundesliga,2526,2025-10-19 St. Pauli-Hoffenheim,3,2025,30284,2025-10-19 15:30:00,288,120,St. Pauli,Hoffenheim,HOF,SPA,0,3,0.871968,1.79103,True,True,https://understat.com/match/30284
GER-Bundesliga,2526,2025-10-24 Werder Bremen-Union Berlin,3,2025,30295,2025-10-24 18:30:00,123,240,Werder Bremen,Union Berlin,UNI,WER,1,0,1.1444,0.487613,True,True,https://understat.com/match/30295
GER-Bundesliga,2526,2025-10-25 Augsburg-RasenBallsport Leipzig,3,2025,30287,2025-10-25 13:30:00,121,136,Augsburg,RasenBallsport Leipzig,RBL,AUG,0,6,0.639182,2.69438,True,True,https://understat.com/match/30287
GER-Bundesliga,2526,2025-10-25 Borussia Dortmund-FC Cologne,3,2025,30290,2025-10-25 16:30:00,129,134,Borussia Dortmund,FC Cologne,COL,DOR,1,0,2.09125,0.70563,True,True,https://understat.com/match/30290
GER-Bundesliga,2526,2025-10-25 Borussia M.Gladbach-Bayern Munich,3,2025,30289,2025-10-25 13:30:00,130,117,Borussia M.Gladbach,Bayern Munich,BAY,BMG,0,3,0.757777,2.65026,True,True,https://understat.com/match/30289
GER-Bundesliga,2526,2025-10-25 Eintracht Frankfurt-St. Pauli,3,2025,30291,2025-10-25 13:30:00,132,288,Eintracht Frankfurt,St. Pauli,SPA,EIN,2,0,2.42632,0.519973,True,True,https://understat.com/match/30291
GER-Bundesliga,2526,2025-10-25 Hamburger SV-Wolfsburg,3,2025,30292,2025-10-25 13:30:00,118,131,Hamburger SV,Wolfsburg,WOL,HAM,0,1,2.40547,0.695528,True,True,https://understat.com/match/30292
GER-Bundesliga,2526,2025-10-25 Hoffenheim-FC Heidenheim,3,2025,30293,2025-10-25 13:30:00,120,280,Hoffenheim,FC Heidenheim,HEI,HOF,3,1,2.4278,0.902315,True,True,https://understat.com/match/30293
GER-Bundesliga,2526,2025-10-26 Bayer Leverkusen-Freiburg,3,2025,30288,2025-10-26 13:30:00,119,135,Bayer Leverkusen,Freiburg,FRE,LEV,2,0,2.46787,0.542897,True,True,https://understat.com/match/30288
GER-Bundesliga,2526,2025-10-26 VfB Stuttgart-Mainz 05,3,2025,30294,2025-10-26 15:30:00,133,125,VfB Stuttgart,Mainz 05,MAI,STU,2,1,1.66805,1.40956,True,True,https://understat.com/match/30294
GER-Bundesliga,2526,2025-10-31 Augsburg-Borussia Dortmund,3,2025,30296,2025-10-31 19:30:00,121,129,Augsburg,Borussia Dortmund,DOR,AUG,0,1,0.969501,0.588196,True,True,https://understat.com/match/30296
GER-Bundesliga,2526,2025-11-01 Bayern Munich-Bayer Leverkusen,3,2025,30297,2025-11-01 17:30:00,117,119,Bayern Munich,Bayer Leverkusen,LEV,BAY,3,0,2.28295,0.382774,True,True,https://understat.com/match/30297
GER-Bundesliga,2526,2025-11-01 FC Heidenheim-Eintracht Frankfurt,3,2025,30299,2025-11-01 14:30:00,280,132,FC Heidenheim,Eintracht Frankfurt,EIN,HEI,1,1,0.831882,1.22406,True,True,https://understat.com/match/30299
GER-Bundesliga,2526,2025-11-01 Mainz 05-Werder Bremen,3,2025,30300,2025-11-01 14:30:00,125,123,Mainz 05,Werder Bremen,WER,MAI,1,1,1.90161,0.880505,True,True,https://understat.com/match/30300
GER-Bundesliga,2526,2025-11-01 RasenBallsport Leipzig-VfB Stuttgart,3,2025,30301,2025-11-01 14:30:00,136,133,RasenBallsport Leipzig,VfB Stuttgart,STU,RBL,3,1,1.73471,1.0701,True,True,https://understat.com/match/30301
GER-Bundesliga,2526,2025-11-01 St. Pauli-Borussia M.Gladbach,3,2025,30302,2025-11-01 14:30:00,288,130,St. Pauli,Borussia M.Gladbach,BMG,SPA,0,4,0.804394,3.6262,True,True,https://understat.com/match/30302
GER-Bundesliga,2526,2025-11-01 Union Berlin-Freiburg,3,2025,30303,2025-11-01 14:30:00,240,135,Union Berlin,Freiburg,FRE,UNI,0,0,1.34842,1.16519,True,True,https://understat.com/match/30303
GER-Bundesliga,2526,2025-11-02 FC Cologne-Hamburger SV,3,2025,30298,2025-11-02 14:30:00,134,118,FC Cologne,Hamburger SV,HAM,COL,4,1,3.87376,1.19296,True,True,https://understat.com/match/30298
GER-Bundesliga,2526,2025-11-02 Wolfsburg-Hoffenheim,3,2025,30304,2025-11-02 16:30:00,131,120,Wolfsburg,Hoffenheim,HOF,WOL,2,3,1.40117,1.74291,True,True,https://understat.com/match/30304
GER-Bundesliga,2526,2025-11-07 Werder Bremen-Wolfsburg,3,2025,30313,2025-11-07 19:30:00,123,131,Werder Bremen,Wolfsburg,WOL,WER,2,1,1.69456,0.676326,True,True,https://understat.com/match/30313
GER-Bundesliga,2526,2025-11-08 Bayer Leverkusen-FC Heidenheim,3,2025,30305,2025-11-08 14:30:00,119,280,Bayer Leverkusen,FC Heidenheim,HEI,LEV,6,0,3.90142,0.063377,True,True,https://understat.com/match/30305
GER-Bundesliga,2526,2025-11-08 Borussia M.Gladbach-FC Cologne,3,2025,30306,2025-11-08 17:30:00,130,134,Borussia M.Gladbach,FC Cologne,COL,BMG,3,1,2.46206,2.15818,True,True,https://understat.com/match/30306
GER-Bundesliga,2526,2025-11-08 Hamburger SV-Borussia Dortmund,3,2025,30309,2025-11-08 14:30:00,118,129,Hamburger SV,Borussia Dortmund,DOR,HAM,1,1,0.419878,1.42582,True,True,https://understat.com/match/30309
GER-Bundesliga,2526,2025-11-08 Hoffenheim-RasenBallsport Leipzig,3,2025,30310,2025-11-08 14:30:00,120,136,Hoffenheim,RasenBallsport Leipzig,RBL,HOF,3,1,1.92349,1.56187,True,True,https://understat.com/match/30310
GER-Bundesliga,2526,2025-11-08 Union Berlin-Bayern Munich,3,2025,30312,2025-11-08 14:30:00,240,117,Union Berlin,Bayern Munich,BAY,UNI,2,2,1.02778,1.34246,True,True,https://understat.com/match/30312
GER-Bundesliga,2526,2025-11-09 Eintracht Frankfurt-Mainz 05,3,2025,30307,2025-11-09 18:30:00,132,125,Eintracht Frankfurt,Mainz 05,MAI,EIN,1,0,1.77854,0.121469,True,True,https://understat.com/match/30307
GER-Bundesliga,2526,2025-11-09 Freiburg-St. Pauli,3,2025,30308,2025-11-09 14:30:00,135,288,Freiburg,St. Pauli,SPA,FRE,2,1,1.66558,0.640748,True,True,https://understat.com/match/30308
GER-Bundesliga,2526,2025-11-09 VfB Stuttgart-Augsburg,3,2025,30311,2025-11-09 16:30:00,133,121,VfB Stuttgart,Augsburg,AUG,STU,3,2,2.44526,1.90345,True,True,https://understat.com/match/30311
GER-Bundesliga,2526,2025-11-21 Mainz 05-Hoffenheim,3,2025,30319,2025-11-21 19:30:00,125,120,Mainz 05,Hoffenheim,HOF,MAI,1,1,2.88712,1.54404,True,True,https://understat.com/match/30319
GER-Bundesliga,2526,2025-11-22 Augsburg-Hamburger SV,3,2025,30314,2025-11-22 14:30:00,121,118,Augsburg,Hamburger SV,HAM,AUG,1,0,1.61897,1.555,True,True,https://understat.com/match/30314
GER-Bundesliga,2526,2025-11-22 Bayern Munich-Freiburg,3,2025,30315,2025-11-22 14:30:00,117,135,Bayern Munich,Freiburg,FRE,BAY,6,2,3.13858,0.516966,True,True,https://understat.com/match/30315
GER-Bundesliga,2526,2025-11-22 Borussia Dortmund-VfB Stuttgart,3,2025,30316,2025-11-22 14:30:00,129,133,Borussia Dortmund,VfB Stuttgart,STU,DOR,3,3,3.15124,1.80942,True,True,https://understat.com/match/30316
GER-Bundesliga,2526,2025-11-22 FC Cologne-Eintracht Frankfurt,3,2025,30317,2025-11-22 17:30:00,134,132,FC Cologne,Eintracht Frankfurt,EIN,COL,3,4,1.38923,2.44506,True,True,https://understat.com/match/30317
GER-Bundesliga,2526,2025-11-22 FC Heidenheim-Borussia M.Gladbach,3,2025,30318,2025-11-22 14:30:00,280,130,FC Heidenheim,Borussia M.Gladbach,BMG,HEI,0,3,0.363207,2.79666,True,True,https://understat.com/match/30318
GER-Bundesliga,2526,2025-11-22 Wolfsburg-Bayer Leverkusen,3,2025,30322,2025-11-22 14:30:00,131,119,Wolfsburg,Bayer Leverkusen,LEV,WOL,1,3,2.07979,1.58644,True,True,https://understat.com/match/30322
GER-Bundesliga,2526,2025-11-23 RasenBallsport Leipzig-Werder Bremen,3,2025,30320,2025-11-23 14:30:00,136,123,RasenBallsport Leipzig,Werder Bremen,WER,RBL,2,0,2.42834,0.774872,True,True,https://understat.com/match/30320
GER-Bundesliga,2526,2025-11-23 St. Pauli-Union Berlin,3,2025,30321,2025-11-23 16:30:00,288,240,St. Pauli,Union Berlin,UNI,SPA,0,1,0.568717,0.398431,True,True,https://understat.com/match/30321
GER-Bundesliga,2526,2025-11-28 Borussia M.Gladbach-RasenBallsport Leipzig,3,2025,30325,2025-11-28 19:30:00,130,136,Borussia M.Gladbach,RasenBallsport Leipzig,RBL,BMG,0,0,0.388883,1.09232,True,True,https://understat.com/match/30325
GER-Bundesliga,2526,2025-11-29 Bayer Leverkusen-Borussia Dortmund,3,2025,30323,2025-11-29 17:30:00,119,129,Bayer Leverkusen,Borussia Dortmund,DOR,LEV,1,2,1.08287,1.1562,True,True,https://understat.com/match/30323
GER-Bundesliga,2526,2025-11-29 Bayern Munich-St. Pauli,3,2025,30324,2025-11-29 14:30:00,117,288,Bayern Munich,St. Pauli,SPA,BAY,3,1,2.53942,0.74073,True,True,https://understat.com/match/30324
GER-Bundesliga,2526,2025-11-29 Hoffenheim-Augsburg,3,2025,30329,2025-11-29 14:30:00,120,121,Hoffenheim,Augsburg,AUG,HOF,3,0,1.79612,0.655496,True,True,https://understat.com/match/30329
GER-Bundesliga,2526,2025-11-29 Union Berlin-FC Heidenheim,3,2025,30330,2025-11-29 14:30:00,240,280,Union Berlin,FC Heidenheim,HEI,UNI,1,2,0.942923,0.522102,True,True,https://understat.com/match/30330
GER-Bundesliga,2526,2025-11-29 Werder Bremen-FC Cologne,3,2025,30331,2025-11-29 14:30:00,123,134,Werder Bremen,FC Cologne,COL,WER,1,1,1.53668,1.1848,True,True,https://understat.com/match/30331
GER-Bundesliga,2526,2025-11-30 Eintracht Frankfurt-Wolfsburg,3,2025,30326,2025-11-30 16:30:00,132,131,Eintracht Frankfurt,Wolfsburg,WOL,EIN,1,1,1.66051,1.60645,True,True,https://understat.com/match/30326
GER-Bundesliga,2526,2025-11-30 Freiburg-Mainz 05,3,2025,30327,2025-11-30 18:30:00,135,125,Freiburg,Mainz 05,MAI,FRE,4,0,4.15677,0.0500621,True,True,https://understat.com/match/30327
GER-Bundesliga,2526,2025-11-30 Hamburger SV-VfB Stuttgart,3,2025,30328,2025-11-30 14:30:00,118,133,Hamburger SV,VfB Stuttgart,STU,HAM,2,1,1.21357,1.10868,True,True,https://understat.com/match/30328
GER-Bundesliga,2526,2025-12-05 Mainz 05-Borussia M.Gladbach,3,2025,30339,2025-12-05 19:30:00,125,130,Mainz 05,Borussia M.Gladbach,BMG,MAI,0,1,1.09331,1.90297,True,True,https://understat.com/match/30339
GER-Bundesliga,2526,2025-12-06 Augsburg-Bayer Leverkusen,3,2025,30334,2025-12-06 14:30:00,121,119,Augsburg,Bayer Leverkusen,LEV,AUG,2,0,2.14102,1.41889,True,True,https://understat.com/match/30334
GER-Bundesliga,2526,2025-12-06 FC Cologne-St. Pauli,3,2025,30336,2025-12-06 14:30:00,134,288,FC Cologne,St. Pauli,SPA,COL,1,1,1.90409,0.143945,True,True,https://understat.com/match/30336
GER-Bundesliga,2526,2025-12-06 FC Heidenheim-Freiburg,3,2025,30338,2025-12-06 14:30:00,280,135,FC Heidenheim,Freiburg,FRE,HEI,2,1,2.66592,0.800321,True,True,https://understat.com/match/30338
GER-Bundesliga,2526,2025-12-06 RasenBallsport Leipzig-Eintracht Frankfurt,3,2025,30340,2025-12-06 17:30:00,136,132,RasenBallsport Leipzig,Eintracht Frankfurt,EIN,RBL,6,0,3.64182,0.473289,True,True,https://understat.com/match/30340
GER-Bundesliga,2526,2025-12-06 VfB Stuttgart-Bayern Munich,3,2025,30332,2025-12-06 14:30:00,133,117,VfB Stuttgart,Bayern Munich,BAY,STU,0,5,0.729313,4.07867,True,True,https://understat.com/match/30332
GER-Bundesliga,2526,2025-12-06 Wolfsburg-Union Berlin,3,2025,30333,2025-12-06 14:30:00,131,240,Wolfsburg,Union Berlin,UNI,WOL,3,1,0.929936,2.01932,True,True,https://understat.com/match/30333
GER-Bundesliga,2526,2025-12-07 Borussia Dortmund-Hoffenheim,3,2025,30335,2025-12-07 16:30:00,129,120,Borussia Dortmund,Hoffenheim,HOF,DOR,2,0,1.10147,1.42364,True,True,https://understat.com/match/30335
GER-Bundesliga,2526,2025-12-07 Hamburger SV-Werder Bremen,3,2025,30337,2025-12-07 14:30:00,118,123,Hamburger SV,Werder Bremen,WER,HAM,3,2,1.57713,1.17349,True,True,https://understat.com/match/30337
GER-Bundesliga,2526,2025-12-12 Union Berlin-RasenBallsport Leipzig,3,2025,30348,2025-12-12 19:30:00,240,136,Union Berlin,RasenBallsport Leipzig,RBL,UNI,3,1,1.4766,0.495677,True,True,https://understat.com/match/30348
GER-Bundesliga,2526,2025-12-13 Bayer Leverkusen-FC Cologne,3,2025,30341,2025-12-13 17:30:00,119,134,Bayer Leverkusen,FC Cologne,COL,LEV,2,0,2.295,0.436565,True,True,https://understat.com/match/30341
GER-Bundesliga,2526,2025-12-13 Borussia M.Gladbach-Wolfsburg,3,2025,30343,2025-12-13 14:30:00,130,131,Borussia M.Gladbach,Wolfsburg,WOL,BMG,1,3,0.620418,2.72142,True,True,https://understat.com/match/30343
GER-Bundesliga,2526,2025-12-13 Eintracht Frankfurt-Augsburg,3,2025,30344,2025-12-13 14:30:00,132,121,Eintracht Frankfurt,Augsburg,AUG,EIN,1,0,1.52024,0.655733,True,True,https://understat.com/match/30344
GER-Bundesliga,2526,2025-12-13 Hoffenheim-Hamburger SV,3,2025,30346,2025-12-13 14:30:00,120,118,Hoffenheim,Hamburger SV,HAM,HOF,4,1,2.48806,1.40522,True,True,https://understat.com/match/30346
GER-Bundesliga,2526,2025-12-13 St. Pauli-FC Heidenheim,3,2025,30347,2025-12-13 14:30:00,288,280,St. Pauli,FC Heidenheim,HEI,SPA,2,1,1.00037,1.8944,True,True,https://understat.com/match/30347
GER-Bundesliga,2526,2025-12-14 Bayern Munich-Mainz 05,3,2025,30342,2025-12-14 16:30:00,117,125,Bayern Munich,Mainz 05,MAI,BAY,2,2,4.67956,0.803171,True,True,https://understat.com/match/30342
GER-Bundesliga,2526,2025-12-14 Freiburg-Borussia Dortmund,3,2025,30345,2025-12-14 14:30:00,135,129,Freiburg,Borussia Dortmund,DOR,FRE,1,1,1.10621,1.47427,True,True,https://understat.com/match/30345
GER-Bundesliga,2526,2025-12-14 Werder Bremen-VfB Stuttgart,3,2025,30349,2025-12-14 18:30:00,123,133,Werder Bremen,VfB Stuttgart,STU,WER,0,4,0.607898,2.05209,True,True,https://understat.com/match/30349
GER-Bundesliga,2526,2025-12-19 Borussia Dortmund-Borussia M.Gladbach,3,2025,30351,2025-12-19 19:30:00,129,130,Borussia Dortmund,Borussia M.Gladbach,BMG,DOR,2,0,1.65394,0.221237,True,True,https://understat.com/match/30351
GER-Bundesliga,2526,2025-12-20 Augsburg-Werder Bremen,3,2025,30350,2025-12-20 14:30:00,121,123,Augsburg,Werder Bremen,WER,AUG,0,0,1.49411,0.90686,True,True,https://understat.com/match/30350
GER-Bundesliga,2526,2025-12-20 FC Cologne-Union Berlin,3,2025,30352,2025-12-20 14:30:00,134,240,FC Cologne,Union Berlin,UNI,COL,0,1,0.677102,1.4739,True,True,https://understat.com/match/30352
GER-Bundesliga,2526,2025-12-20 Hamburger SV-Eintracht Frankfurt,3,2025,30353,2025-12-20 14:30:00,118,132,Hamburger SV,Eintracht Frankfurt,EIN,HAM,1,1,1.09769,1.09137,True,True,https://understat.com/match/30353
GER-Bundesliga,2526,2025-12-20 RasenBallsport Leipzig-Bayer Leverkusen,3,2025,30356,2025-12-20 17:30:00,136,119,RasenBallsport Leipzig,Bayer Leverkusen,LEV,RBL,1,3,1.93929,2.70478,True,True,https://understat.com/match/30356
GER-Bundesliga,2526,2025-12-20 VfB Stuttgart-Hoffenheim,3,2025,30357,2025-12-20 14:30:00,133,120,VfB Stuttgart,Hoffenheim,HOF,STU,0,0,1.46116,0.154175,True,True,https://understat.com/match/30357
GER-Bundesliga,2526,2025-12-20 Wolfsburg-Freiburg,3,2025,30358,2025-12-20 14:30:00,131,135,Wolfsburg,Freiburg,FRE,WOL,3,4,1.30583,2.65964,True,True,https://understat.com/match/30358
GER-Bundesliga,2526,2025-12-21 FC Heidenheim-Bayern Munich,3,2025,30354,2025-12-21 16:30:00,280,117,FC Heidenheim,Bayern Munich,BAY,HEI,0,4,1.48758,3.36795,True,True,https://understat.com/match/30354
GER-Bundesliga,2526,2025-12-21 Mainz 05-St. Pauli,3,2025,30355,2025-12-21 14:30:00,125,288,Mainz 05,St. Pauli,SPA,MAI,0,0,1.87368,0.227249,True,True,https://understat.com/match/30355
GER-Bundesliga,2526,2026-01-09 Eintracht Frankfurt-Borussia Dortmund,3,2025,30362,2026-01-09 19:30:00,132,129,Eintracht Frankfurt,Borussia Dortmund,DOR,EIN,3,3,1.66426,2.29827,True,True,https://understat.com/match/30362
GER-Bundesliga,2526,2026-01-10 Bayer Leverkusen-VfB Stuttgart,3,2025,30359,2026-01-10 17:30:00,119,133,Bayer Leverkusen,VfB Stuttgart,STU,LEV,1,4,1.98318,2.68822,True,True,https://understat.com/match/30359
GER-Bundesliga,2526,2026-01-10 FC Heidenheim-FC Cologne,3,2025,30364,2026-01-10 14:30:00,280,134,FC Heidenheim,FC Cologne,COL,HEI,2,2,2.14635,2.75624,True,True,https://understat.com/match/30364
GER-Bundesliga,2526,2026-01-10 Freiburg-Hamburger SV,3,2025,30363,2026-01-10 14:30:00,135,118,Freiburg,Hamburger SV,HAM,FRE,2,1,2.93517,0.850812,True,True,https://understat.com/match/30363
GER-Bundesliga,2526,2026-01-10 Union Berlin-Mainz 05,3,2025,30366,2026-01-10 14:30:00,240,125,Union Berlin,Mainz 05,MAI,UNI,2,2,3.6505,1.56492,True,True,https://understat.com/match/30366
GER-Bundesliga,2526,2026-01-11 Bayern Munich-Wolfsburg,3,2025,30360,2026-01-11 16:30:00,117,131,Bayern Munich,Wolfsburg,WOL,BAY,8,1,3.54931,1.08515,True,True,https://understat.com/match/30360
GER-Bundesliga,2526,2026-01-11 Borussia M.Gladbach-Augsburg,3,2025,30361,2026-01-11 14:30:00,130,121,Borussia M.Gladbach,Augsburg,AUG,BMG,4,0,3.57201,1.57502,True,True,https://understat.com/match/30361
GER-Bundesliga,2526,2026-01-13 Borussia Dortmund-Werder Bremen,3,2025,30369,2026-01-13 19:30:00,129,123,Borussia Dortmund,Werder Bremen,WER,DOR,3,0,2.31769,0.39948,True,True,https://understat.com/match/30369
GER-Bundesliga,2526,2026-01-13 Mainz 05-FC Heidenheim,3,2025,30373,2026-01-13 19:30:00,125,280,Mainz 05,FC Heidenheim,HEI,MAI,2,1,1.95686,1.23557,True,True,https://understat.com/match/30373
GER-Bundesliga,2526,2026-01-13 VfB Stuttgart-Eintracht Frankfurt,3,2025,30375,2026-01-13 17:30:00,133,132,VfB Stuttgart,Eintracht Frankfurt,EIN,STU,3,2,3.54461,0.896468,True,True,https://understat.com/match/30375
GER-Bundesliga,2526,2026-01-14 FC Cologne-Bayern Munich,3,2025,30370,2026-01-14 19:30:00,134,117,FC Cologne,Bayern Munich,BAY,COL,1,3,0.714659,2.11635,True,True,https://understat.com/match/30370
GER-Bundesliga,2526,2026-01-14 Hoffenheim-Borussia M.Gladbach,3,2025,30372,2026-01-14 19:30:00,120,130,Hoffenheim,Borussia M.Gladbach,BMG,HOF,5,1,4.3777,0.83294,True,True,https://understat.com/match/30372
GER-Bundesliga,2526,2026-01-14 RasenBallsport Leipzig-Freiburg,3,2025,30374,2026-01-14 19:30:00,136,135,RasenBallsport Leipzig,Freiburg,FRE,RBL,2,0,2.80289,0.147682,True,True,https://understat.com/match/30374
GER-Bundesliga,2526,2026-01-14 Wolfsburg-St. Pauli,3,2025,30376,2026-01-14 17:30:00,131,288,Wolfsburg,St. Pauli,SPA,WOL,2,1,1.78032,1.21171,True,True,https://understat.com/match/30376
GER-Bundesliga,2526,2026-01-15 Augsburg-Union Berlin,3,2025,30368,2026-01-15 19:30:00,121,240,Augsburg,Union Berlin,UNI,AUG,1,1,0.559529,1.73831,True,True,https://understat.com/match/30368
GER-Bundesliga,2526,2026-01-16 Werder Bremen-Eintracht Frankfurt,3,2025,30384,2026-01-16 19:30:00,123,132,Werder Bremen,Eintracht Frankfurt,EIN,WER,3,3,2.10111,1.20772,True,True,https://understat.com/match/30384
GER-Bundesliga,2526,2026-01-17 Borussia Dortmund-St. Pauli,3,2025,30378,2026-01-17 14:30:00,129,288,Borussia Dortmund,St. Pauli,SPA,DOR,3,2,2.5477,0.532613,True,True,https://understat.com/match/30378
GER-Bundesliga,2526,2026-01-17 FC Cologne-Mainz 05,3,2025,30379,2026-01-17 14:30:00,134,125,FC Cologne,Mainz 05,MAI,COL,2,1,2.41277,1.91073,True,True,https://understat.com/match/30379
GER-Bundesliga,2526,2026-01-17 Hamburger SV-Borussia M.Gladbach,3,2025,30380,2026-01-17 14:30:00,118,130,Hamburger SV,Borussia M.Gladbach,BMG,HAM,0,0,1.26205,0.576522,True,True,https://understat.com/match/30380
GER-Bundesliga,2526,2026-01-17 Hoffenheim-Bayer Leverkusen,3,2025,30381,2026-01-17 14:30:00,120,119,Hoffenheim,Bayer Leverkusen,LEV,HOF,1,0,2.11995,1.27048,True,True,https://understat.com/match/30381
GER-Bundesliga,2526,2026-01-17 RasenBallsport Leipzig-Bayern Munich,3,2025,30382,2026-01-17 17:30:00,136,117,RasenBallsport Leipzig,Bayern Munich,BAY,RBL,1,5,2.86917,4.65226,True,True,https://understat.com/match/30382
GER-Bundesliga,2526,2026-01-17 Wolfsburg-FC Heidenheim,3,2025,30385,2026-01-17 14:30:00,131,280,Wolfsburg,FC Heidenheim,HEI,WOL,1,1,1.07653,0.991172,True,True,https://understat.com/match/30385
GER-Bundesliga,2526,2026-01-18 Augsburg-Freiburg,3,2025,30377,2026-01-18 16:30:00,121,135,Augsburg,Freiburg,FRE,AUG,2,2,0.986653,1.59107,True,True,https://understat.com/match/30377
GER-Bundesliga,2526,2026-01-18 VfB Stuttgart-Union Berlin,3,2025,30383,2026-01-18 14:30:00,133,240,VfB Stuttgart,Union Berlin,UNI,STU,1,1,2.1978,1.88763,True,True,https://understat.com/match/30383
GER-Bundesliga,2526,2026-01-23 St. Pauli-Hamburger SV,3,2025,30393,2026-01-23 19:30:00,288,118,St. Pauli,Hamburger SV,HAM,SPA,0,0,0.311991,0.333197,True,True,https://understat.com/match/30393
GER-Bundesliga,2526,2026-01-24 Bayer Leverkusen-Werder Bremen,3,2025,30386,2026-01-24 14:30:00,119,123,Bayer Leverkusen,Werder Bremen,WER,LEV,1,0,2.51599,0.673986,True,True,https://understat.com/match/30386
GER-Bundesliga,2526,2026-01-24 Bayern Munich-Augsburg,3,2025,30387,2026-01-24 14:30:00,117,121,Bayern Munich,Augsburg,AUG,BAY,1,2,2.30773,1.24551,True,True,https://understat.com/match/30387
GER-Bundesliga,2526,2026-01-24 Eintracht Frankfurt-Hoffenheim,3,2025,30389,2026-01-24 14:30:00,132,120,Eintracht Frankfurt,Hoffenheim,HOF,EIN,1,3,0.829658,1.62813,True,True,https://understat.com/match/30389
GER-Bundesliga,2526,2026-01-24 FC Heidenheim-RasenBallsport Leipzig,3,2025,30391,2026-01-24 14:30:00,280,136,FC Heidenheim,RasenBallsport Leipzig,RBL,HEI,0,3,0.987658,2.07675,True,True,https://understat.com/match/30391
GER-Bundesliga,2526,2026-01-24 Mainz 05-Wolfsburg,3,2025,30392,2026-01-24 14:30:00,125,131,Mainz 05,Wolfsburg,WOL,MAI,3,1,4.34199,1.09338,True,True,https://understat.com/match/30392
GER-Bundesliga,2526,2026-01-24 Union Berlin-Borussia Dortmund,3,2025,30394,2026-01-24 17:30:00,240,129,Union Berlin,Borussia Dortmund,DOR,UNI,0,3,0.989732,2.27286,True,True,https://understat.com/match/30394
GER-Bundesliga,2526,2026-01-25 Borussia M.Gladbach-VfB Stuttgart,3,2025,30388,2026-01-25 14:30:00,130,133,Borussia M.Gladbach,VfB Stuttgart,STU,BMG,0,3,1.22197,2.72682,True,True,https://understat.com/match/30388
GER-Bundesliga,2526,2026-01-25 Freiburg-FC Cologne,3,2025,30390,2026-01-25 16:30:00,135,134,Freiburg,FC Cologne,COL,FRE,2,1,2.56728,1.69119,True,True,https://understat.com/match/30390
GER-Bundesliga,2526,2026-01-27 St. Pauli-RasenBallsport Leipzig,3,2025,30365,2026-01-27 19:30:00,288,136,St. Pauli,RasenBallsport Leipzig,RBL,SPA,1,1,1.33165,2.05989,True,True,https://understat.com/match/30365
GER-Bundesliga,2526,2026-01-27 Werder Bremen-Hoffenheim,3,2025,30367,2026-01-27 19:30:00,123,120,Werder Bremen,Hoffenheim,HOF,WER,0,2,1.42692,0.567567,True,True,https://understat.com/match/30367
GER-Bundesliga,2526,2026-01-30 FC Cologne-Wolfsburg,3,2025,30398,2026-01-30 19:30:00,134,131,FC Cologne,Wolfsburg,WOL,COL,1,0,1.43559,1.34631,True,True,https://understat.com/match/30398
GER-Bundesliga,2526,2026-01-31 Augsburg-St. Pauli,3,2025,30395,2026-01-31 14:30:00,121,288,Augsburg,St. Pauli,SPA,AUG,2,1,2.11699,2.88611,True,True,https://understat.com/match/30395
GER-Bundesliga,2526,2026-01-31 Eintracht Frankfurt-Bayer Leverkusen,3,2025,30397,2026-01-31 14:30:00,132,119,Eintracht Frankfurt,Bayer Leverkusen,LEV,EIN,1,3,1.31849,1.52952,True,True,https://understat.com/match/30397
GER-Bundesliga,2526,2026-01-31 Hamburger SV-Bayern Munich,3,2025,30399,2026-01-31 17:30:00,118,117,Hamburger SV,Bayern Munich,BAY,HAM,2,2,2.64497,2.28911,True,True,https://understat.com/match/30399
GER-Bundesliga,2526,2026-01-31 Hoffenheim-Union Berlin,3,2025,30400,2026-01-31 14:30:00,120,240,Hoffenheim,Union Berlin,UNI,HOF,3,1,1.50682,1.23275,True,True,https://understat.com/match/30400
GER-Bundesliga,2526,2026-01-31 RasenBallsport Leipzig-Mainz 05,3,2025,30401,2026-01-31 14:30:00,136,125,RasenBallsport Leipzig,Mainz 05,MAI,RBL,1,2,2.09422,2.57678,True,True,https://understat.com/match/30401
GER-Bundesliga,2526,2026-01-31 Werder Bremen-Borussia M.Gladbach,3,2025,30403,2026-01-31 14:30:00,123,130,Werder Bremen,Borussia M.Gladbach,BMG,WER,1,1,0.991152,1.25715,True,True,https://understat.com/match/30403
GER-Bundesliga,2526,2026-02-01 Borussia Dortmund-FC Heidenheim,3,2025,30396,2026-02-01 16:30:00,129,280,Borussia Dortmund,FC Heidenheim,HEI,DOR,3,2,4.13897,3.04324,True,True,https://understat.com/match/30396
GER-Bundesliga,2526,2026-02-01 VfB Stuttgart-Freiburg,3,2025,30402,2026-02-01 14:30:00,133,135,VfB Stuttgart,Freiburg,FRE,STU,1,0,2.95203,0.936187,True,True,https://understat.com/match/30402
GER-Bundesliga,2526,2026-02-06 Union Berlin-Eintracht Frankfurt,3,2025,30411,2026-02-06 19:30:00,240,132,Union Berlin,Eintracht Frankfurt,EIN,UNI,1,1,1.27118,0.296813,True,True,https://understat.com/match/30411
GER-Bundesliga,2526,2026-02-07 Borussia M.Gladbach-Bayer Leverkusen,3,2025,30405,2026-02-07 17:30:00,130,119,Borussia M.Gladbach,Bayer Leverkusen,LEV,BMG,1,1,0.783478,0.741257,True,True,https://understat.com/match/30405
GER-Bundesliga,2526,2026-02-07 FC Heidenheim-Hamburger SV,3,2025,30408,2026-02-07 14:30:00,280,118,FC Heidenheim,Hamburger SV,HAM,HEI,0,2,1.04614,1.55106,True,True,https://understat.com/match/30408
GER-Bundesliga,2526,2026-02-07 Freiburg-Werder Bremen,3,2025,30407,2026-02-07 14:30:00,135,123,Freiburg,Werder Bremen,WER,FRE,1,0,0.36452,1.12332,True,True,https://understat.com/match/30407
GER-Bundesliga,2526,2026-02-07 Mainz 05-Augsburg,3,2025,30409,2026-02-07 14:30:00,125,121,Mainz 05,Augsburg,AUG,MAI,2,0,3.00656,1.35939,True,True,https://understat.com/match/30409
GER-Bundesliga,2526,2026-02-07 St. Pauli-VfB Stuttgart,3,2025,30410,2026-02-07 14:30:00,288,133,St. Pauli,VfB Stuttgart,STU,SPA,2,1,1.66217,0.912627,True,True,https://understat.com/match/30410
GER-Bundesliga,2526,2026-02-07 Wolfsburg-Borussia Dortmund,3,2025,30412,2026-02-07 14:30:00,131,129,Wolfsburg,Borussia Dortmund,DOR,WOL,1,2,2.02751,1.70601,True,True,https://understat.com/match/30412
GER-Bundesliga,2526,2026-02-08 Bayern Munich-Hoffenheim,3,2025,30404,2026-02-08 16:30:00,117,120,Bayern Munich,Hoffenheim,HOF,BAY,5,1,6.37827,2.66829,True,True,https://understat.com/match/30404
GER-Bundesliga,2526,2026-02-08 FC Cologne-RasenBallsport Leipzig,3,2025,30406,2026-02-08 14:30:00,134,136,FC Cologne,RasenBallsport Leipzig,RBL,COL,1,2,1.12167,3.0577,True,True,https://understat.com/match/30406
GER-Bundesliga,2526,2026-02-13 Borussia Dortmund-Mainz 05,3,2025,30415,2026-02-13 19:30:00,129,125,Borussia Dortmund,Mainz 05,MAI,DOR,4,0,1.81026,1.67199,True,True,https://understat.com/match/30415
GER-Bundesliga,2526,2026-02-14 Bayer Leverkusen-St. Pauli,3,2025,30414,2026-02-14 14:30:00,119,288,Bayer Leverkusen,St. Pauli,SPA,LEV,4,0,2.26044,0.654783,True,True,https://understat.com/match/30414
GER-Bundesliga,2526,2026-02-14 Eintracht Frankfurt-Borussia M.Gladbach,3,2025,30416,2026-02-14 14:30:00,132,130,Eintracht Frankfurt,Borussia M.Gladbach,BMG,EIN,3,0,1.98736,1.03155,True,True,https://understat.com/match/30416
GER-Bundesliga,2526,2026-02-14 Hamburger SV-Union Berlin,3,2025,30417,2026-02-14 14:30:00,118,240,Hamburger SV,Union Berlin,UNI,HAM,3,2,2.20339,2.18966,True,True,https://understat.com/match/30417
GER-Bundesliga,2526,2026-02-14 Hoffenheim-Freiburg,3,2025,30418,2026-02-14 14:30:00,120,135,Hoffenheim,Freiburg,FRE,HOF,3,0,1.90052,0.744054,True,True,https://understat.com/match/30418
GER-Bundesliga,2526,2026-02-14 VfB Stuttgart-FC Cologne,3,2025,30420,2026-02-14 17:30:00,133,134,VfB Stuttgart,FC Cologne,COL,STU,3,1,2.56266,1.13246,True,True,https://understat.com/match/30420
GER-Bundesliga,2526,2026-02-14 Werder Bremen-Bayern Munich,3,2025,30421,2026-02-14 14:30:00,123,117,Werder Bremen,Bayern Munich,BAY,WER,0,3,0.77965,1.87713,True,True,https://understat.com/match/30421
GER-Bundesliga,2526,2026-02-15 Augsburg-FC Heidenheim,3,2025,30413,2026-02-15 14:30:00,121,280,Augsburg,FC Heidenheim,HEI,AUG,1,0,1.87679,0.697774,True,True,https://understat.com/match/30413
GER-Bundesliga,2526,2026-02-15 RasenBallsport Leipzig-Wolfsburg,3,2025,30419,2026-02-15 16:30:00,136,131,RasenBallsport Leipzig,Wolfsburg,WOL,RBL,2,2,2.51087,0.687761,True,True,https://understat.com/match/30419
GER-Bundesliga,2526,2026-02-20 Mainz 05-Hamburger SV,3,2025,30426,2026-02-20 19:30:00,125,118,Mainz 05,Hamburger SV,HAM,MAI,1,1,1.75215,0.823398,True,True,https://understat.com/match/30426
GER-Bundesliga,2526,2026-02-21 Bayern Munich-Eintracht Frankfurt,3,2025,30422,2026-02-21 14:30:00,117,132,Bayern Munich,Eintracht Frankfurt,EIN,BAY,3,2,2.83518,2.29258,True,True,https://understat.com/match/30422
GER-Bundesliga,2526,2026-02-21 FC Cologne-Hoffenheim,3,2025,30423,2026-02-21 14:30:00,134,120,FC Cologne,Hoffenheim,HOF,COL,2,2,1.12252,1.8243,True,True,https://understat.com/match/30423
GER-Bundesliga,2526,2026-02-21 RasenBallsport Leipzig-Borussia Dortmund,3,2025,30427,2026-02-21 17:30:00,136,129,RasenBallsport Leipzig,Borussia Dortmund,DOR,RBL,2,2,3.50934,1.35347,True,True,https://understat.com/match/30427
GER-Bundesliga,2526,2026-02-21 Union Berlin-Bayer Leverkusen,3,2025,30429,2026-02-21 14:30:00,240,119,Union Berlin,Bayer Leverkusen,LEV,UNI,1,0,0.757702,1.20274,True,True,https://understat.com/match/30429
GER-Bundesliga,2526,2026-02-21 Wolfsburg-Augsburg,3,2025,30430,2026-02-21 14:30:00,131,121,Wolfsburg,Augsburg,AUG,WOL,2,3,2.17584,1.56427,True,True,https://understat.com/match/30430
GER-Bundesliga,2526,2026-02-22 FC Heidenheim-VfB Stuttgart,3,2025,30425,2026-02-22 18:30:00,280,133,FC Heidenheim,VfB Stuttgart,STU,HEI,3,3,2.21575,2.27505,True,True,https://understat.com/match/30425
GER-Bundesliga,2526,2026-02-22 Freiburg-Borussia M.Gladbach,3,2025,30424,2026-02-22 14:30:00,135,130,Freiburg,Borussia M.Gladbach,BMG,FRE,2,1,1.29234,1.02855,True,True,https://understat.com/match/30424
GER-Bundesliga,2526,2026-02-22 St. Pauli-Werder Bremen,3,2025,30428,2026-02-22 16:30:00,288,123,St. Pauli,Werder Bremen,WER,SPA,2,1,0.260698,1.61141,True,True,https://understat.com/match/30428
GER-Bundesliga,2526,2026-02-27 Augsburg-FC Cologne,3,2025,30431,2026-02-27 19:30:00,121,134,Augsburg,FC Cologne,COL,AUG,,,,,False,False,https://understat.com/match/30431
GER-Bundesliga,2526,2026-02-28 Bayer Leverkusen-Mainz 05,3,2025,30432,2026-02-28 14:30:00,119,125,Bayer Leverkusen,Mainz 05,MAI,LEV,,,,,False,False,https://understat.com/match/30432
GER-Bundesliga,2526,2026-02-28 Borussia Dortmund-Bayern Munich,3,2025,30434,2026-02-28 17:30:00,129,117,Borussia Dortmund,Bayern Munich,BAY,DOR,,,,,False,False,https://understat.com/match/30434
GER-Bundesliga,2526,2026-02-28 Borussia M.Gladbach-Union Berlin,3,2025,30433,2026-02-28 14:30:00,130,240,Borussia M.Gladbach,Union Berlin,UNI,BMG,,,,,False,False,https://understat.com/match/30433
GER-Bundesliga,2526,2026-02-28 Hoffenheim-St. Pauli,3,2025,30437,2026-02-28 14:30:00,120,288,Hoffenheim,St. Pauli,SPA,HOF,,,,,False,False,https://understat.com/match/30437
GER-Bundesliga,2526,2026-02-28 Werder Bremen-FC Heidenheim,3,2025,30439,2026-02-28 14:30:00,123,280,Werder Bremen,FC Heidenheim,HEI,WER,,,,,False,False,https://understat.com/match/30439
GER-Bundesliga,2526,2026-03-01 Eintracht Frankfurt-Freiburg,3,2025,30435,2026-03-01 16:30:00,132,135,Eintracht Frankfurt,Freiburg,FRE,EIN,,,,,False,False,https://understat.com/match/30435
GER-Bundesliga,2526,2026-03-01 Hamburger SV-RasenBallsport Leipzig,3,2025,30436,2026-03-01 18:30:00,118,136,Hamburger SV,RasenBallsport Leipzig,RBL,HAM,,,,,False,False,https://understat.com/match/30436
GER-Bundesliga,2526,2026-03-01 VfB Stuttgart-Wolfsburg,3,2025,30438,2026-03-01 14:30:00,133,131,VfB Stuttgart,Wolfsburg,WOL,STU,,,,,False,False,https://understat.com/match/30438
GER-Bundesliga,2526,2026-03-04 Hamburger SV-Bayer Leverkusen,3,2025,30371,2026-03-04 19:30:00,118,119,Hamburger SV,Bayer Leverkusen,LEV,HAM,,,,,False,False,https://understat.com/match/30371
GER-Bundesliga,2526,2026-03-06 Bayern Munich-Borussia M.Gladbach,3,2025,30440,2026-03-06 19:30:00,117,130,Bayern Munich,Borussia M.Gladbach,BMG,BAY,,,,,False,False,https://understat.com/match/30440
GER-Bundesliga,2526,2026-03-07 FC Cologne-Borussia Dortmund,3,2025,30441,2026-03-07 17:30:00,134,129,FC Cologne,Borussia Dortmund,DOR,COL,,,,,False,False,https://understat.com/match/30441
GER-Bundesliga,2526,2026-03-07 FC Heidenheim-Hoffenheim,3,2025,30443,2026-03-07 14:30:00,280,120,FC Heidenheim,Hoffenheim,HOF,HEI,,,,,False,False,https://understat.com/match/30443
GER-Bundesliga,2526,2026-03-07 Freiburg-Bayer Leverkusen,3,2025,30442,2026-03-07 14:30:00,135,119,Freiburg,Bayer Leverkusen,LEV,FRE,,,,,False,False,https://understat.com/match/30442
GER-Bundesliga,2526,2026-03-07 Mainz 05-VfB Stuttgart,3,2025,30444,2026-03-07 14:30:00,125,133,Mainz 05,VfB Stuttgart,STU,MAI,,,,,False,False,https://understat.com/match/30444
GER-Bundesliga,2526,2026-03-07 RasenBallsport Leipzig-Augsburg,3,2025,30445,2026-03-07 14:30:00,136,121,RasenBallsport Leipzig,Augsburg,AUG,RBL,,,,,False,False,https://understat.com/match/30445
GER-Bundesliga,2526,2026-03-07 Wolfsburg-Hamburger SV,3,2025,30448,2026-03-07 14:30:00,131,118,Wolfsburg,Hamburger SV,HAM,WOL,,,,,False,False,https://understat.com/match/30448
GER-Bundesliga,2526,2026-03-08 St. Pauli-Eintracht Frankfurt,3,2025,30446,2026-03-08 14:30:00,288,132,St. Pauli,Eintracht Frankfurt,EIN,SPA,,,,,False,False,https://understat.com/match/30446
GER-Bundesliga,2526,2026-03-08 Union Berlin-Werder Bremen,3,2025,30447,2026-03-08 16:30:00,240,123,Union Berlin,Werder Bremen,WER,UNI,,,,,False,False,https://understat.com/match/30447
GER-Bundesliga,2526,2026-03-13 Borussia M.Gladbach-St. Pauli,3,2025,30450,2026-03-13 19:30:00,130,288,Borussia M.Gladbach,St. Pauli,SPA,BMG,,,,,False,False,https://understat.com/match/30450
GER-Bundesliga,2526,2026-03-14 Bayer Leverkusen-Bayern Munich,3,2025,30449,2026-03-14 14:30:00,119,117,Bayer Leverkusen,Bayern Munich,BAY,LEV,,,,,False,False,https://understat.com/match/30449
GER-Bundesliga,2526,2026-03-14 Borussia Dortmund-Augsburg,3,2025,30451,2026-03-14 14:30:00,129,121,Borussia Dortmund,Augsburg,AUG,DOR,,,,,False,False,https://understat.com/match/30451
GER-Bundesliga,2526,2026-03-14 Eintracht Frankfurt-FC Heidenheim,3,2025,30452,2026-03-14 14:30:00,132,280,Eintracht Frankfurt,FC Heidenheim,HEI,EIN,,,,,False,False,https://understat.com/match/30452
GER-Bundesliga,2526,2026-03-14 Hamburger SV-FC Cologne,3,2025,30454,2026-03-14 17:30:00,118,134,Hamburger SV,FC Cologne,COL,HAM,,,,,False,False,https://understat.com/match/30454
GER-Bundesliga,2526,2026-03-14 Hoffenheim-Wolfsburg,3,2025,30455,2026-03-14 14:30:00,120,131,Hoffenheim,Wolfsburg,WOL,HOF,,,,,False,False,https://understat.com/match/30455
GER-Bundesliga,2526,2026-03-15 Freiburg-Union Berlin,3,2025,30453,2026-03-15 16:30:00,135,240,Freiburg,Union Berlin,UNI,FRE,,,,,False,False,https://understat.com/match/30453
GER-Bundesliga,2526,2026-03-15 VfB Stuttgart-RasenBallsport Leipzig,3,2025,30456,2026-03-15 18:30:00,133,136,VfB Stuttgart,RasenBallsport Leipzig,RBL,STU,,,,,False,False,https://understat.com/match/30456
GER-Bundesliga,2526,2026-03-15 Werder Bremen-Mainz 05,3,2025,30457,2026-03-15 14:30:00,123,125,Werder Bremen,Mainz 05,MAI,WER,,,,,False,False,https://understat.com/match/30457
GER-Bundesliga,2526,2026-03-20 RasenBallsport Leipzig-Hoffenheim,3,2025,30464,2026-03-20 19:30:00,136,120,RasenBallsport Leipzig,Hoffenheim,HOF,RBL,,,,,False,False,https://understat.com/match/30464
GER-Bundesliga,2526,2026-03-21 Bayern Munich-Union Berlin,3,2025,30459,2026-03-21 14:30:00,117,240,Bayern Munich,Union Berlin,UNI,BAY,,,,,False,False,https://understat.com/match/30459
GER-Bundesliga,2526,2026-03-21 Borussia Dortmund-Hamburger SV,3,2025,30460,2026-03-21 17:30:00,129,118,Borussia Dortmund,Hamburger SV,HAM,DOR,,,,,False,False,https://understat.com/match/30460
GER-Bundesliga,2526,2026-03-21 FC Cologne-Borussia M.Gladbach,3,2025,30461,2026-03-21 14:30:00,134,130,FC Cologne,Borussia M.Gladbach,BMG,COL,,,,,False,False,https://understat.com/match/30461
GER-Bundesliga,2526,2026-03-21 FC Heidenheim-Bayer Leverkusen,3,2025,30462,2026-03-21 14:30:00,280,119,FC Heidenheim,Bayer Leverkusen,LEV,HEI,,,,,False,False,https://understat.com/match/30462
GER-Bundesliga,2526,2026-03-21 Wolfsburg-Werder Bremen,3,2025,30466,2026-03-21 14:30:00,131,123,Wolfsburg,Werder Bremen,WER,WOL,,,,,False,False,https://understat.com/match/30466
GER-Bundesliga,2526,2026-03-22 Augsburg-VfB Stuttgart,3,2025,30458,2026-03-22 18:30:00,121,133,Augsburg,VfB Stuttgart,STU,AUG,,,,,False,False,https://understat.com/match/30458
GER-Bundesliga,2526,2026-03-22 Mainz 05-Eintracht Frankfurt,3,2025,30463,2026-03-22 14:30:00,125,132,Mainz 05,Eintracht Frankfurt,EIN,MAI,,,,,False,False,https://understat.com/match/30463
GER-Bundesliga,2526,2026-03-22 St. Pauli-Freiburg,3,2025,30465,2026-03-22 16:30:00,288,135,St. Pauli,Freiburg,FRE,SPA,,,,,False,False,https://understat.com/match/30465
GER-Bundesliga,2526,2026-04-04 Bayer Leverkusen-Wolfsburg,3,2025,30467,2026-04-04 14:30:00,119,131,Bayer Leverkusen,Wolfsburg,WOL,LEV,,,,,False,False,https://understat.com/match/30467
GER-Bundesliga,2526,2026-04-04 Borussia M.Gladbach-FC Heidenheim,3,2025,30468,2026-04-04 14:30:00,130,280,Borussia M.Gladbach,FC Heidenheim,HEI,BMG,,,,,False,False,https://understat.com/match/30468
GER-Bundesliga,2526,2026-04-04 Eintracht Frankfurt-FC Cologne,3,2025,30469,2026-04-04 14:30:00,132,134,Eintracht Frankfurt,FC Cologne,COL,EIN,,,,,False,False,https://understat.com/match/30469
GER-Bundesliga,2526,2026-04-04 Freiburg-Bayern Munich,3,2025,30470,2026-04-04 14:30:00,135,117,Freiburg,Bayern Munich,BAY,FRE,,,,,False,False,https://understat.com/match/30470
GER-Bundesliga,2526,2026-04-04 Hamburger SV-Augsburg,3,2025,30471,2026-04-04 14:30:00,118,121,Hamburger SV,Augsburg,AUG,HAM,,,,,False,False,https://understat.com/match/30471
GER-Bundesliga,2526,2026-04-04 Hoffenheim-Mainz 05,3,2025,30472,2026-04-04 14:30:00,120,125,Hoffenheim,Mainz 05,MAI,HOF,,,,,False,False,https://understat.com/match/30472
GER-Bundesliga,2526,2026-04-04 Union Berlin-St. Pauli,3,2025,30474,2026-04-04 14:30:00,240,288,Union Berlin,St. Pauli,SPA,UNI,,,,,False,False,https://understat.com/match/30474
GER-Bundesliga,2526,2026-04-04 VfB Stuttgart-Borussia Dortmund,3,2025,30473,2026-04-04 14:30:00,133,129,VfB Stuttgart,Borussia Dortmund,DOR,STU,,,,,False,False,https://understat.com/match/30473
GER-Bundesliga,2526,2026-04-04 Werder Bremen-RasenBallsport Leipzig,3,2025,30475,2026-04-04 14:30:00,123,136,Werder Bremen,RasenBallsport Leipzig,RBL,WER,,,,,False,False,https://understat.com/match/30475
GER-Bundesliga,2526,2026-04-11 Augsburg-Hoffenheim,3,2025,30476,2026-04-11 14:30:00,121,120,Augsburg,Hoffenheim,HOF,AUG,,,,,False,False,https://understat.com/match/30476
GER-Bundesliga,2526,2026-04-11 Borussia Dortmund-Bayer Leverkusen,3,2025,30477,2026-04-11 14:30:00,129,119,Borussia Dortmund,Bayer Leverkusen,LEV,DOR,,,,,False,False,https://understat.com/match/30477
GER-Bundesliga,2526,2026-04-11 FC Cologne-Werder Bremen,3,2025,30478,2026-04-11 14:30:00,134,123,FC Cologne,Werder Bremen,WER,COL,,,,,False,False,https://understat.com/match/30478
GER-Bundesliga,2526,2026-04-11 FC Heidenheim-Union Berlin,3,2025,30479,2026-04-11 14:30:00,280,240,FC Heidenheim,Union Berlin,UNI,HEI,,,,,False,False,https://understat.com/match/30479
GER-Bundesliga,2526,2026-04-11 Mainz 05-Freiburg,3,2025,30480,2026-04-11 14:30:00,125,135,Mainz 05,Freiburg,FRE,MAI,,,,,False,False,https://understat.com/match/30480
GER-Bundesliga,2526,2026-04-11 RasenBallsport Leipzig-Borussia M.Gladbach,3,2025,30481,2026-04-11 14:30:00,136,130,RasenBallsport Leipzig,Borussia M.Gladbach,BMG,RBL,,,,,False,False,https://understat.com/match/30481
GER-Bundesliga,2526,2026-04-11 St. Pauli-Bayern Munich,3,2025,30482,2026-04-11 14:30:00,288,117,St. Pauli,Bayern Munich,BAY,SPA,,,,,False,False,https://understat.com/match/30482
GER-Bundesliga,2526,2026-04-11 VfB Stuttgart-Hamburger SV,3,2025,30483,2026-04-11 14:30:00,133,118,VfB Stuttgart,Hamburger SV,HAM,STU,,,,,False,False,https://understat.com/match/30483
GER-Bundesliga,2526,2026-04-11 Wolfsburg-Eintracht Frankfurt,3,2025,30484,2026-04-11 14:30:00,131,132,Wolfsburg,Eintracht Frankfurt,EIN,WOL,,,,,False,False,https://understat.com/match/30484
GER-Bundesliga,2526,2026-04-18 Bayer Leverkusen-Augsburg,3,2025,30485,2026-04-18 14:30:00,119,121,Bayer Leverkusen,Augsburg,AUG,LEV,,,,,False,False,https://understat.com/match/30485
GER-Bundesliga,2526,2026-04-18 Bayern Munich-VfB Stuttgart,3,2025,30486,2026-04-18 14:30:00,117,133,Bayern Munich,VfB Stuttgart,STU,BAY,,,,,False,False,https://understat.com/match/30486
GER-Bundesliga,2526,2026-04-18 Borussia M.Gladbach-Mainz 05,3,2025,30487,2026-04-18 14:30:00,130,125,Borussia M.Gladbach,Mainz 05,MAI,BMG,,,,,False,False,https://understat.com/match/30487
GER-Bundesliga,2526,2026-04-18 Eintracht Frankfurt-RasenBallsport Leipzig,3,2025,30488,2026-04-18 14:30:00,132,136,Eintracht Frankfurt,RasenBallsport Leipzig,RBL,EIN,,,,,False,False,https://understat.com/match/30488
GER-Bundesliga,2526,2026-04-18 Freiburg-FC Heidenheim,3,2025,30489,2026-04-18 14:30:00,135,280,Freiburg,FC Heidenheim,HEI,FRE,,,,,False,False,https://understat.com/match/30489
GER-Bundesliga,2526,2026-04-18 Hoffenheim-Borussia Dortmund,3,2025,30490,2026-04-18 14:30:00,120,129,Hoffenheim,Borussia Dortmund,DOR,HOF,,,,,False,False,https://understat.com/match/30490
GER-Bundesliga,2526,2026-04-18 St. Pauli-FC Cologne,3,2025,30491,2026-04-18 14:30:00,288,134,St. Pauli,FC Cologne,COL,SPA,,,,,False,False,https://understat.com/match/30491
GER-Bundesliga,2526,2026-04-18 Union Berlin-Wolfsburg,3,2025,30492,2026-04-18 14:30:00,240,131,Union Berlin,Wolfsburg,WOL,UNI,,,,,False,False,https://understat.com/match/30492
GER-Bundesliga,2526,2026-04-18 Werder Bremen-Hamburger SV,3,2025,30493,2026-04-18 14:30:00,123,118,Werder Bremen,Hamburger SV,HAM,WER,,,,,False,False,https://understat.com/match/30493
GER-Bundesliga,2526,2026-04-25 Augsburg-Eintracht Frankfurt,3,2025,30494,2026-04-25 14:30:00,121,132,Augsburg,Eintracht Frankfurt,EIN,AUG,,,,,False,False,https://understat.com/match/30494
GER-Bundesliga,2526,2026-04-25 Borussia Dortmund-Freiburg,3,2025,30495,2026-04-25 14:30:00,129,135,Borussia Dortmund,Freiburg,FRE,DOR,,,,,False,False,https://understat.com/match/30495
GER-Bundesliga,2526,2026-04-25 FC Cologne-Bayer Leverkusen,3,2025,30496,2026-04-25 14:30:00,134,119,FC Cologne,Bayer Leverkusen,LEV,COL,,,,,False,False,https://understat.com/match/30496
GER-Bundesliga,2526,2026-04-25 FC Heidenheim-St. Pauli,3,2025,30498,2026-04-25 14:30:00,280,288,FC Heidenheim,St. Pauli,SPA,HEI,,,,,False,False,https://understat.com/match/30498
GER-Bundesliga,2526,2026-04-25 Hamburger SV-Hoffenheim,3,2025,30497,2026-04-25 14:30:00,118,120,Hamburger SV,Hoffenheim,HOF,HAM,,,,,False,False,https://understat.com/match/30497
GER-Bundesliga,2526,2026-04-25 Mainz 05-Bayern Munich,3,2025,30499,2026-04-25 14:30:00,125,117,Mainz 05,Bayern Munich,BAY,MAI,,,,,False,False,https://understat.com/match/30499
GER-Bundesliga,2526,2026-04-25 RasenBallsport Leipzig-Union Berlin,3,2025,30500,2026-04-25 14:30:00,136,240,RasenBallsport Leipzig,Union Berlin,UNI,RBL,,,,,False,False,https://understat.com/match/30500
GER-Bundesliga,2526,2026-04-25 VfB Stuttgart-Werder Bremen,3,2025,30501,2026-04-25 14:30:00,133,123,VfB Stuttgart,Werder Bremen,WER,STU,,,,,False,False,https://understat.com/match/30501
GER-Bundesliga,2526,2026-04-25 Wolfsburg-Borussia M.Gladbach,3,2025,30502,2026-04-25 14:30:00,131,130,Wolfsburg,Borussia M.Gladbach,BMG,WOL,,,,,False,False,https://understat.com/match/30502
GER-Bundesliga,2526,2026-05-02 Bayer Leverkusen-RasenBallsport Leipzig,3,2025,30503,2026-05-02 14:30:00,119,136,Bayer Leverkusen,RasenBallsport Leipzig,RBL,LEV,,,,,False,False,https://understat.com/match/30503
GER-Bundesliga,2526,2026-05-02 Bayern Munich-FC Heidenheim,3,2025,30504,2026-05-02 14:30:00,117,280,Bayern Munich,FC Heidenheim,HEI,BAY,,,,,False,False,https://understat.com/match/30504
GER-Bundesliga,2526,2026-05-02 Borussia M.Gladbach-Borussia Dortmund,3,2025,30505,2026-05-02 14:30:00,130,129,Borussia M.Gladbach,Borussia Dortmund,DOR,BMG,,,,,False,False,https://understat.com/match/30505
GER-Bundesliga,2526,2026-05-02 Eintracht Frankfurt-Hamburger SV,3,2025,30506,2026-05-02 14:30:00,132,118,Eintracht Frankfurt,Hamburger SV,HAM,EIN,,,,,False,False,https://understat.com/match/30506
GER-Bundesliga,2526,2026-05-02 Freiburg-Wolfsburg,3,2025,30507,2026-05-02 14:30:00,135,131,Freiburg,Wolfsburg,WOL,FRE,,,,,False,False,https://understat.com/match/30507
GER-Bundesliga,2526,2026-05-02 Hoffenheim-VfB Stuttgart,3,2025,30508,2026-05-02 14:30:00,120,133,Hoffenheim,VfB Stuttgart,STU,HOF,,,,,False,False,https://understat.com/match/30508
GER-Bundesliga,2526,2026-05-02 St. Pauli-Mainz 05,3,2025,30509,2026-05-02 14:30:00,288,125,St. Pauli,Mainz 05,MAI,SPA,,,,,False,False,https://understat.com/match/30509
GER-Bundesliga,2526,2026-05-02 Union Berlin-FC Cologne,3,2025,30510,2026-05-02 14:30:00,240,134,Union Berlin,FC Cologne,COL,UNI,,,,,False,False,https://understat.com/match/30510
GER-Bundesliga,2526,2026-05-02 Werder Bremen-Augsburg,3,2025,30511,2026-05-02 14:30:00,123,121,Werder Bremen,Augsburg,AUG,WER,,,,,False,False,https://understat.com/match/30511
GER-Bundesliga,2526,2026-05-09 Augsburg-Borussia M.Gladbach,3,2025,30512,2026-05-09 14:30:00,121,130,Augsburg,Borussia M.Gladbach,BMG,AUG,,,,,False,False,https://understat.com/match/30512
GER-Bundesliga,2526,2026-05-09 Borussia Dortmund-Eintracht Frankfurt,3,2025,30513,2026-05-09 14:30:00,129,132,Borussia Dortmund,Eintracht Frankfurt,EIN,DOR,,,,,False,False,https://understat.com/match/30513
GER-Bundesliga,2526,2026-05-09 FC Cologne-FC Heidenheim,3,2025,30514,2026-05-09 14:30:00,134,280,FC Cologne,FC Heidenheim,HEI,COL,,,,,False,False,https://understat.com/match/30514
GER-Bundesliga,2526,2026-05-09 Hamburger SV-Freiburg,3,2025,30515,2026-05-09 14:30:00,118,135,Hamburger SV,Freiburg,FRE,HAM,,,,,False,False,https://understat.com/match/30515
GER-Bundesliga,2526,2026-05-09 Hoffenheim-Werder Bremen,3,2025,30516,2026-05-09 14:30:00,120,123,Hoffenheim,Werder Bremen,WER,HOF,,,,,False,False,https://understat.com/match/30516
GER-Bundesliga,2526,2026-05-09 Mainz 05-Union Berlin,3,2025,30517,2026-05-09 14:30:00,125,240,Mainz 05,Union Berlin,UNI,MAI,,,,,False,False,https://understat.com/match/30517
GER-Bundesliga,2526,2026-05-09 RasenBallsport Leipzig-St. Pauli,3,2025,30518,2026-05-09 14:30:00,136,288,RasenBallsport Leipzig,St. Pauli,SPA,RBL,,,,,False,False,https://understat.com/match/30518
GER-Bundesliga,2526,2026-05-09 VfB Stuttgart-Bayer Leverkusen,3,2025,30519,2026-05-09 14:30:00,133,119,VfB Stuttgart,Bayer Leverkusen,LEV,STU,,,,,False,False,https://understat.com/match/30519
GER-Bundesliga,2526,2026-05-09 Wolfsburg-Bayern Munich,3,2025,30520,2026-05-09 14:30:00,131,117,Wolfsburg,Bayern Munich,BAY,WOL,,,,,False,False,https://understat.com/match/30520
GER-Bundesliga,2526,2026-05-16 Bayer Leverkusen-Hamburger SV,3,2025,30521,2026-05-16 14:30:00,119,118,Bayer Leverkusen,Hamburger SV,HAM,LEV,,,,,False,False,https://understat.com/match/30521
GER-Bundesliga,2526,2026-05-16 Bayern Munich-FC Cologne,3,2025,30522,2026-05-16 14:30:00,117,134,Bayern Munich,FC Cologne,COL,BAY,,,,,False,False,https://understat.com/match/30522
GER-Bundesliga,2526,2026-05-16 Borussia M.Gladbach-Hoffenheim,3,2025,30523,2026-05-16 14:30:00,130,120,Borussia M.Gladbach,Hoffenheim,HOF,BMG,,,,,False,False,https://understat.com/match/30523
GER-Bundesliga,2526,2026-05-16 Eintracht Frankfurt-VfB Stuttgart,3,2025,30524,2026-05-16 14:30:00,132,133,Eintracht Frankfurt,VfB Stuttgart,STU,EIN,,,,,False,False,https://understat.com/match/30524
GER-Bundesliga,2526,2026-05-16 FC Heidenheim-Mainz 05,3,2025,30526,2026-05-16 14:30:00,280,125,FC Heidenheim,Mainz 05,MAI,HEI,,,,,False,False,https://understat.com/match/30526
GER-Bundesliga,2526,2026-05-16 Freiburg-RasenBallsport Leipzig,3,2025,30525,2026-05-16 14:30:00,135,136,Freiburg,RasenBallsport Leipzig,RBL,FRE,,,,,False,False,https://understat.com/match/30525
GER-Bundesliga,2526,2026-05-16 St. Pauli-Wolfsburg,3,2025,30527,2026-05-16 14:30:00,288,131,St. Pauli,Wolfsburg,WOL,SPA,,,,,False,False,https://understat.com/match/30527
GER-Bundesliga,2526,2026-05-16 Union Berlin-Augsburg,3,2025,30528,2026-05-16 14:30:00,240,121,Union Berlin,Augsburg,AUG,UNI,,,,,False,False,https://understat.com/match/30528
GER-Bundesliga,2526,2026-05-16 Werder Bremen-Borussia Dortmund,3,2025,30529,2026-05-16 14:30:00,123,129,Werder Bremen,Borussia Dortmund,DOR,WER,,,,,False,False,https://understat.com/match/30529
